﻿2000,,2005,,2010,,2015,,2019,
Norway,52,Iceland,87,Iceland,93.4,Iceland,98.2,Bahrain,99.7
Canada,51.3,Sweden,84.8,Norway,93.4,Andorra,96.9,Qatar,99.7
San Marino,48.8,Denmark,82.7,Netherlands,90.7,Norway,96.8,Kuwait,99.5
New Zealand,47.4,Norway,82,Luxembourg,90.6,Liechtenstein,96.6,United Arab Emirates,99.2
Switzerland,47.1,Netherlands,81,Sweden,90,Luxembourg,96.4,Norway,98
Australia,46.8,Finland,74.5,Denmark,88.7,Denmark,96.3,Denmark,98
Sweden,45.7,South Korea,73.5,Finland,86.9,Bahrain,93.5,South Korea,96.2
South Korea,44.7,Canada,71.7,United Kingdom,85,Monaco,93.4,Saudi Arabia,95.7
Iceland,44.5,Switzerland,70.1,Switzerland,83.9,Qatar,92.9,Brunei,95
Netherlands,44,United Kingdom,70,South Korea,83.7,United Kingdom,92,Sweden,94.5
United States,43.1,United States,68,United States,71.7,United States,74.6,United States,88.5
