﻿Rank,Country,Score
1,Germany,88.21
2,South Korea,88.16
3,Singapore,87.01
4,Switzerland,85.67
5,Sweden,85.5
6,Israel,85.03
7,Finland,84
8,Denmark,83.22
9,U.S.,83.17
10,France,82.75
11,Austria,82.4
12,Japan,82.31
13,Netherlands,81.28
14,Belgium,79.93
15,China,78.8
16,Ireland,78.65
17,Norway,76.93
18,UK,76.03
19,Italy,75.76
20,Australia,74.13
21,Slovenia,73.93
22,Canada,73.11
23,Iceland,71.56
24,Czech Republic,70
25,Poland,69.98
26,Russia,68.63
27,Malaysia,68.28
28,Hungary,68.24
29,New Zealand,68.08
30,Greece,66.3
31,Luxembourg,65.41
32,Romania,65.25
33,Spain,65.11
34,Portugal,65.08
35,Turkey,63.84
36,Estonia,62.79
37,Latvia,62.03
38,Lithuania,61.97
39,Hong Kong,61.7
40,Thailand,60.36
41,Slovakia,59.36
42,Bulgaria,56.59
43,Croatia,55
44,UAE,54.31
45,Argentina,53.78
46,Brazil,53.65
47,Malta,53.48
48,Cyprus,51.56
49,Algeria,51.24
50,South Africa,51.15
51,Chile,49.58
52,Tunisia,49.56
53,Saudi Arabia,49.54
54,India,49.33
55,Qatar,48.81
56,Ukraine,48.24
57,Vietnam,47.64
58,Egypt,46.29
59,Kazakhstan,46.1
60,Macao,46.09
