﻿2000,,2005,,2010,,2015,,2019,
United States,109000000,China,393000000,China,859000000,China,1290000000,China,1730000000
China,85300000,United States,204000000,India,752000000,India,1000000000,India,1150000000
Japan,66800000,Russia,120000000,United States,285000000,United States,382000000,Indonesia,345000000
Germany,48200000,Japan,96500000,Russia,238000000,Indonesia,339000000,Russia,240000000
United Kingdom,43500000,India,90100000,Indonesia,211000000,Brazil,258000000,Philippines,167000000
Italy,42200000,Brazil,86200000,Brazil,197000000,Russia,227000000,Bangladesh,166000000
France,29100000,Germany,79300000,Japan,123000000,Japan,161000000,Pakistan,165000000
South Korea,26800000,Italy,71500000,Vietnam,112000000,Nigeria,151000000,Vietnam,136000000
Spain,24300000,United Kingdom,65500000,Pakistan,99200000,Bangladesh,131000000,Thailand,130000000
Brazil,23200000,France,48100000,Italy,93700000,Pakistan,126000000,Mexico,121000000
