﻿2000,,2002,,2004,,2006,
United States,161000000,Japan,48700000,United States,224000000,United States,241000000
Japan,40000000,Germany,35600000,China,53000000,China,74100000
Germany,27600000,China,35500000,Germany,45000000,Germany,54000000
China,20600000,United Kingdom,24000000,United Kingdom,35900000,United Kingdom,48600000
United Kingdom,20200000,South Korea,23500000,France,30000000,France,40000000
South Korea,18600000,France,20700000,South Korea,24900000,India,30900000
France,17900000,Canada,15300000,Brazil,24000000,Canada,30800000
Canada,12900000,Italy,13000000,Canada,22400000,South Korea,26100000
Italy,10300000,Russia,13000000,Italy,18200000,Russia,19000000
Russia,9300000,Brazil,13000000,Russia,15000000,Spain,16000000
